org_unit,start_date,end_date,staff_id
DGIS,20231031,20291231,0485
DGCS,20240326,20240531,0105
DGCS,20240601,20240630,0105
DGCS,20240701,20240725,0105
DGCS,20241130,20241130,0105
DGCS,20251201,20291231,0105
DGCS,20230901,20240325,0105
DGCS,20241109,20241129,0105
DGCS,20240726,20240825,0105
DGCS,20240826,20240920,0105
DGCS,20240921,20241020,0105
DGCS,20241021,20241108,0105
DGMIP,20250101,20250414,0240
DGMIP,20250415,20251231,0240
DGMIP,20260101,20291231,0240
DGMIP,20240315,20241231,0240
DGCS,20220715,20241231,0131
DGCS,20250101,20291231,0131
DGCS,20230101,20291231,0106
DGCS,20230601,20291231,0056
DGMIP,20240101,20240131,0465
DGMIP,20240201,20240430,0465
DGMIP,20240501,20291231,0465
DGMIP,20240703,20240820,0270
DGMIP,20230317,20240702,0270
DGMIP,20240821,20241018,0270
DGMIP,20250101,20250630,0270
DGMIP,20241019,20241231,0270
DGIS,20241201,20251201,0027
DGIS,20251202,20291231,0027
DGS,20220701,20291231,0247
DGS,20240402,20240819,0243
DGS,20240902,20250430,0243
DGS,20240820,20240901,0243
DGS,20220823,20240401,0243
DGS,20250501,20291231,0243
DGIS,20200101,20250331,0472
DGIS,20250401,20251231,0326
DGIS,20260101,20291231,0326
DGIS,20230701,20250331,0326
DGCS,20210601,20291231,0123
DGS,20230701,20250630,0441
DGS,20260101,20291231,0441
DGS,20250701,20251231,0441
DGS,20231101,20240727,0256
DGS,20270801,20291231,0256
DGS,20260101,20270731,0256
DGS,20241001,20241231,0256
DGS,20250101,20250115,0256
DGS,20250316,20251231,0256
DGS,20250116,20250315,0256
DGS,20240728,20240731,0256
DGS,20240801,20240809,0256
DGS,20240810,20240930,0256
DGS,20210301,20240831,0420
DGS,20240901,20291231,0420
DGS,20200101,20250531,0453
DGS,20221201,20291231,0421
DGCS,20220201,20291231,0416
DGCS,20240101,20291231,0010
DGCS,20251031,20270430,0127
DGCS,20270501,20291231,0127
DGCS,20241031,20251030,0127
DGCS,20230501,20240430,0127
DGCS,20240501,20241030,0127
DGS,20231011,20240227,0224
DGS,20240228,20240615,0224
DGS,20240616,20240831,0224
DGS,20240901,20240925,0224
DGS,20240926,20291231,0224
DGIS,20221101,20291231,0358
DGS,20230815,20250131,0418
DGS,20250201,20291231,0418
DGIS,20210601,20291231,0394
DGIS,20250101,20251231,0332
DGIS,20260101,20291231,0332
DGIS,20240101,20241231,0332
DGCS,20230706,20291231,0065
DGMIP,20240101,20240531,0174
DGMIP,20240601,20240630,0174
DGMIP,20240701,20240731,0174
DGMIP,20240801,20240830,0174
DGMIP,20241001,20260131,0174
DGMIP,20260201,20291231,0174
DGCS,20240801,20241130,0176
DGCS,20241201,20251201,0176
DGCS,20251202,20291231,0176
DGCS,20240201,20240731,0176
DGS,20231207,20291231,0146
DGCS,20220101,20291231,0346
DGS,20231201,20241201,0221
DGS,20241202,20241231,0221
DGS,20250101,20250630,0221
DGS,20250701,20251231,0221
DGS,20260101,20291231,0221
DGIS,20200101,20291231,0462
DGIS,20210901,20291231,0368
DGCS,20240101,20291231,0083
DGMIP,20210701,20240630,0310
DGMIP,20240701,20240702,0310
DGMIP,20240703,20291231,0310
DGCS,20241001,20291231,0195
DGCS,20211001,20240930,0195
DGIS,20231215,20291231,0128
DGCS,20241001,20250331,0005
DGCS,20240101,20240329,0005
DGCS,20251001,20291231,0005
DGCS,20240330,20240531,0005
DGCS,20240601,20240930,0005
DGCS,20250401,20250930,0005
DGIS,20220901,20291231,0393
DGMIP,20240801,20240831,0477
DGMIP,20240101,20240131,0372
DGMIP,20240201,20260131,0372
DGCS,20200801,20291231,0091
DGS,20240801,20241130,0219
DGS,20241201,20241231,0219
DGS,20250101,20250630,0219
DGS,20250701,20291231,0219
DGS,20240101,20240731,0219
DGIS,20231001,20291231,0156
DGCS,20241101,20250131,0009
DGCS,20231113,20240131,0009
DGCS,20240201,20240412,0009
DGCS,20240413,20240414,0009
DGCS,20240715,20240812,0009
DGCS,20240813,20240903,0009
DGCS,20240904,20241031,0009
DGCS,20240415,20240714,0009
DGCS,20250201,20291231,0009
DGMIP,20240531,20240731,0345
DGMIP,20240801,20240930,0345
DGMIP,20241001,20241013,0345
DGMIP,20240101,20240530,0345
DGMIP,20241014,20241126,0345
DGMIP,20241127,20241231,0345
DGMIP,20250101,20250202,0345
DGMIP,20250507,20251231,0345
DGMIP,20250203,20250225,0345
DGMIP,20250226,20250325,0345
DGMIP,20250326,20250506,0345
DGS,20231101,20240131,0344
DGS,20240201,20291231,0344
DGIS,20230801,20250831,0162
DGIS,20240701,20260131,0179
DGIS,20260201,20291231,0179
DGCS,20251001,20291231,0272
DGCS,20240501,20241231,0272
DGCS,20231101,20240131,0272
DGCS,20240201,20240430,0272
DGCS,20250101,20250930,0272
DGCS,20240601,20291231,0061
DGCS,20200101,20240531,0061
DGCS,20240101,20251231,0384
DGCS,20260101,20291231,0384
DGIS,20231001,20291231,0305
DGIS,20240101,20240430,0013
DGIS,20241215,20250813,0013
DGIS,20240815,20241214,0013
DGIS,20250814,20291231,0013
DGIS,20241221,20250406,0258
DGIS,20241031,20241220,0258
DGIS,20250407,20250815,0258
DGIS,20240816,20240929,0258
DGIS,20240930,20241030,0258
DGIS,20221101,20240815,0258
DGIS,20250816,20291231,0258
DGCS,20240101,20241231,0071
DGCS,20280101,20291231,0071
DGCS,20250101,20271231,0071
DGMIP,20250101,20251231,0017
DGMIP,20240101,20241231,0017
DGCS,20200101,20241210,0081
DGCS,20250507,20291231,0081
DGCS,20250201,20250225,0081
DGCS,20250226,20250311,0081
DGCS,20250312,20250506,0081
DGCS,20241211,20250131,0081
DGCS,20220815,20291231,0268
DGCS,20220101,20240114,0020
DGCS,20240115,20291231,0020
DGCS,20231201,20241130,0007
DGS,20230801,20291231,0457
DGIS,20250701,20291231,0284
DGIS,20220701,20250630,0284
DGCS,20210101,20291231,0098
DGS,20231223,20291231,0392
DGCS,20210601,20291231,0103
DGCS,20260101,20291231,0084
DGIS,20250101,20251231,0084
DGIS,20240101,20241231,0084
DGCS,20241015,20250113,0168
DGCS,20240115,20240414,0168
DGCS,20240415,20240714,0168
DGCS,20240715,20241014,0168
DGCS,20200101,20240904,0134
DGCS,20240905,20241213,0134
DGCS,20241214,20291231,0134
DGCS,20240101,20240114,0330
DGCS,20240716,20291231,0330
DGCS,20240115,20240715,0330
DGMIP,20240703,20240914,0233
DGMIP,20260201,20291231,0233
DGMIP,20230315,20240702,0233
DGMIP,20240915,20241231,0233
DGMIP,20250101,20260131,0233
DGIS,20250701,20291231,0150
DGIS,20240101,20250630,0150
DGCS,20240901,20241231,0112
DGCS,20250831,20291231,0112
DGCS,20250101,20250830,0112
DGCS,20230401,20240131,0099
DGCS,20241101,20250430,0099
DGCS,20240201,20240731,0099
DGCS,20240801,20241031,0099
DGCS,20250501,20260531,0099
DGCS,20260601,20291231,0099
DGS,20240101,20250630,0210
DGS,20250701,20251231,0210
DGS,20260101,20291231,0210
DGS,20220701,20241001,0159
DGS,20241002,20250630,0159
DGS,20261201,20291231,0159
DGS,20250701,20261130,0159
DGMIP,20231215,20240131,0208
DGMIP,20240201,20241215,0208
DGMIP,20250215,20261215,0208
DGMIP,20241216,20250214,0208
DGMIP,20261216,20291231,0208
DGMIP,20250301,20260131,0049
DGMIP,20240801,20250215,0049
DGMIP,20250216,20250228,0049
DGS,20240301,20240731,0049
DGS,20240215,20240229,0049
DGMIP,20240101,20240131,0486
DGMIP,20240201,20291231,0486
DGIS,20250201,20250731,0205
DGIS,20250801,20291231,0205
DGIS,20240101,20240229,0205
DGIS,20240301,20240929,0205
DGCS,20240824,20291231,0263
DGCS,20230826,20240804,0263
DGCS,20240805,20240823,0263
DGMIP,20231101,20240702,0403
DGMIP,20240703,20250430,0403
DGIS,20230401,20250331,0092
DGCS,20240501,20250430,0235
DGCS,20230301,20240430,0235
DGCS,20250501,20260430,0235
DGCS,20260501,20291231,0235
DGIS,20240201,20240531,0352
DGIS,20250101,20291231,0352
DGIS,20240601,20241231,0352
DGIS,20231101,20240131,0352
DGMIP,20221001,20240702,0301
DGMIP,20240703,20240930,0301
DGMIP,20241001,20241231,0301
DGMIP,20250101,20251231,0301
DGS,20260101,20291231,0301
DGIS,20230601,20291231,0308
DGCS,20250701,20291231,0408
DGIS,20250101,20250630,0408
DGIS,20231015,20241231,0408
DGCS,20240915,20241231,0072
DGCS,20250914,20291231,0072
DGCS,20250101,20250913,0072
DGMIP,20210216,20240702,0380
DGMIP,20240703,20291231,0380
DGS,20250701,20251231,0378
DGS,20260101,20291231,0378
DGS,20231015,20250630,0378
DGS,20230501,20240531,0025
DGS,20240601,20250614,0025
DGS,20250615,20260701,0025
DGS,20260702,20291231,0025
DGMIP,20221001,20250414,0342
DGMIP,20250415,20291231,0342
DGCS,20240101,20240315,0175
DGCS,20240805,20250331,0175
DGCS,20250731,20251231,0175
DGCS,20240316,20240317,0175
DGCS,20240318,20240804,0175
DGCS,20250501,20250730,0175
DGCS,20260101,20291231,0175
DGCS,20250401,20250430,0175
DGMIP,20240501,20241031,0340
DGMIP,20210901,20240430,0340
DGMIP,20250415,20291231,0340
DGMIP,20241101,20250414,0340
DGCS,20231001,20291231,0487
DGS,20230701,20250630,0157
DGS,20250701,20251231,0157
DGS,20260101,20291231,0157
DGS,20240101,20240615,0023
DGCS,20220815,20291231,0080
DGS,20200101,20291231,0446
DGIS,20221101,20291231,0242
DGIS,20250101,20260806,0241
DGIS,20240101,20240614,0241
DGIS,20240615,20241231,0241
DGIS,20260807,20291231,0241
DGMIP,20230201,20240131,0411
DGMIP,20240201,20251130,0411
DGMIP,20251201,20291231,0411
DGCS,20230701,20240221,0120
DGCS,20260101,20291231,0120
DGIS,20241215,20241231,0355
DGIS,20250101,20291231,0355
DGIS,20231215,20241214,0355
DGIS,20220601,20291231,0125
DGCS,20240701,20241231,0137
DGCS,20230901,20240430,0137
DGCS,20250101,20291231,0137
DGCS,20240501,20240630,0137
DGCS,20220101,20240114,0042
DGCS,20240115,20291231,0042
DGCS,20210601,20291231,0035
DGMIP,20260201,20291231,0339
DGMIP,20220601,20240131,0339
DGMIP,20240201,20260131,0339
DGS,20231201,20250214,0280
DGS,20260101,20291231,0280
DGS,20231101,20240331,0319
DGS,20240401,20291231,0319
DGIS,20240718,20240812,0225
DGIS,20260201,20261002,0225
DGIS,20261003,20291231,0225
DGIS,20240813,20260131,0225
DGIS,20231117,20240717,0225
DGS,20230301,20291231,0334
DGCS,20240715,20291231,0366
DGCS,20210715,20240714,0366
DGIS,20240915,20240930,0130
DGIS,20241001,20260131,0130
DGIS,20260201,20291231,0130
DGIS,20240101,20240229,0130
DGIS,20240301,20240830,0130
DGMIP,20250201,20250203,0022
DGMIP,20250204,20250623,0022
DGMIP,20250624,20291231,0022
DGMIP,20240215,20250131,0022
DGMIP,20230826,20240728,0376
DGMIP,20240729,20240827,0376
DGMIP,20250415,20291231,0376
DGMIP,20240828,20250414,0376
DGIS,20250401,20251231,0397
DGIS,20260101,20291231,0397
DGIS,20230701,20250331,0397
DGIS,20230701,20250531,0250
DGIS,20250601,20260531,0250
DGIS,20260601,20291231,0250
DGIS,20240101,20240630,0186
DGIS,20240701,20260130,0186
DGIS,20260131,20291231,0186
DGCS,20240101,20240229,0182
DGCS,20240815,20241231,0182
DGCS,20240301,20240314,0182
DGCS,20240315,20240514,0182
DGCS,20250101,20250228,0182
DGMIP,20260201,20291231,0409
DGMIP,20200101,20240614,0409
DGMIP,20240615,20260131,0409
DGIS,20200601,20291231,0303
DGMIP,20251201,20291231,0448
DGMIP,20231201,20251130,0448
DGS,20201101,20291231,0353
DGIS,20250101,20250430,0482
DGIS,20250501,20300430,0482
DGIS,20300501,20291231,0482
DGIS,20240501,20240714,0450
DGIS,20240715,20291231,0450
DGIS,20231101,20240430,0450
DGCS,20210901,20291231,0038
DGIS,20250101,20271231,0328
DGIS,20230101,20241231,0328
DGIS,20280101,20291231,0328
DGIS,20230801,20240831,0034
DGIS,20240901,20250831,0034
DGIS,20250901,20291231,0034
DGS,20210220,20240131,0493
DGIS,20230901,20291231,0315
DGS,20200101,20291231,0443
DGIS,20250101,20250331,0275
DGIS,20250401,20251231,0275
DGIS,20260101,20261231,0275
DGIS,20270101,20291231,0275
DGIS,20240101,20241231,0275
DGS,20231015,20240714,0377
DGS,20240727,20291231,0377
DGS,20240715,20240726,0377
DGIS,20250615,20291231,0406
DGIS,20221101,20250614,0406
DGCS,20240501,20250501,0101
DGCS,20250502,20251231,0101
DGCS,20260101,20291231,0101
DGIS,20240601,20250114,0059
DGIS,20260101,20291231,0059
DGCS,20240901,20241231,0104
DGCS,20250831,20291231,0104
DGCS,20250101,20250830,0104
DGIS,20231001,20240930,0222
DGIS,20250101,20250331,0222
DGIS,20250401,20251231,0222
DGIS,20241001,20241231,0222
DGIS,20240101,20240731,0167
DGIS,20240801,20291231,0167
DGCS,20230901,20240831,0155
DGIS,20240901,20250831,0155
DGS,20231101,20291231,0317
DGCS,20240101,20240620,0386
DGCS,20240801,20240801,0386
DGCS,20251001,20291231,0386
DGCS,20240621,20240731,0386
DGCS,20240802,20240831,0386
DGCS,20240901,20241011,0386
DGIS,20221101,20291231,0300
DGS,20250701,20291231,0075
DGS,20221201,20250630,0075
DGS,20200101,20291231,0379
DGCS,20220201,20291231,0390
DGCS,20230901,20241231,0314
DGCS,20250701,20291231,0314
DGCS,20250101,20250430,0314
DGCS,20250501,20250630,0314
DGIS,20220701,20240531,0180
DGMIP,20200101,20250630,0490
DGS,20210901,20291231,0438
DGCS,20240101,20241231,0135
DGCS,20250101,20251231,0135
DGMIP,20200601,20240702,0249
DGMIP,20240703,20291231,0249
DGS,20200401,20240831,0431
DGS,20240901,20291231,0431
DGMIP,20231215,20240317,0297
DGMIP,20240318,20240419,0297
DGMIP,20240420,20240731,0297
DGMIP,20241001,20241001,0297
DGMIP,20240801,20240831,0297
DGMIP,20240901,20240930,0297
DGMIP,20250501,20291231,0297
DGMIP,20241002,20241114,0297
DGIS,20250401,20251231,0323
DGIS,20260101,20291231,0323
DGIS,20230615,20250331,0323
DGS,20240101,20240930,0307
DGMIP,20230601,20240702,0252
DGMIP,20240703,20250531,0252
DGMIP,20250601,20251231,0252
DGMIP,20260101,20291231,0252
DGCS,20240901,20250228,0110
DGCS,20250831,20291231,0110
DGCS,20250301,20250830,0110
DGMIP,20200101,20291231,0473
DGIS,20240627,20240831,0434
DGIS,20240901,20241016,0434
DGIS,20200101,20240626,0434
DGIS,20241017,20250626,0434
DGIS,20250627,20291231,0434
DGMIP,20230515,20240930,0445
DGMIP,20250930,20291231,0445
DGMIP,20241001,20250929,0445
DGS,20240101,20240721,0140
DGS,20240722,20240830,0140
DGS,20250101,20251231,0140
DGS,20260101,20291231,0140
DGS,20240831,20241031,0140
DGS,20241101,20241231,0140
DGIS,20220901,20250831,0335
DGIS,20250901,20291231,0335
DGS,20220912,20240708,0271
DGS,20240709,20240908,0271
DGS,20240909,20241231,0271
DGS,20250101,20250630,0271
DGS,20250701,20291231,0271
DGS,20210215,20291231,0456
DGCS,20250701,20291231,0124
DGCS,20240101,20241017,0124
DGCS,20241201,20250630,0124
DGMIP,20200101,20291231,0483
DGCS,20200101,20291231,0029
DGS,20221101,20291231,0187
DGIS,20220701,20240331,0322
DGIS,20240401,20291231,0322
DGCS,20240601,20241231,0046
DGCS,20240101,20240531,0046
DGCS,20290101,20291231,0046
DGCS,20250101,20281231,0046
DGCS,20230601,20240617,0115
DGCS,20240618,20240811,0115
DGCS,20240812,20240831,0115
DGS,20231015,20240831,0227
DGS,20240901,20291231,0227
DGCS,20230706,20250331,0068
DGCS,20250401,20291231,0068
DGCS,20230301,20240901,0006
DGCS,20241102,20241115,0006
DGCS,20250113,20250331,0006
DGCS,20240902,20241101,0006
DGCS,20241116,20250112,0006
DGCS,20250401,20291231,0006
DGCS,20230706,20291231,0077
DGS,20230915,20240430,0216
DGS,20241015,20250701,0216
DGS,20250702,20291231,0216
DGS,20240701,20241014,0216
DGS,20240501,20240630,0216
DGMIP,20250901,20251231,0279
DGMIP,20260101,20291231,0279
DGMIP,20240901,20250831,0279
DGS,20231001,20260930,0265
DGS,20261001,20291231,0265
DGIS,20231001,20240929,0043
DGIS,20240930,20291231,0043
DGCS,20240901,20270831,0444
DGCS,20230901,20240831,0444
DGS,20240101,20240930,0116
DGS,20241001,20250930,0116
DGS,20251001,20291231,0116
DGCS,20241001,20241129,0082
DGCS,20240101,20240131,0082
DGCS,20240201,20240228,0082
DGCS,20240229,20240331,0082
DGCS,20240401,20240630,0082
DGCS,20250401,20291231,0082
DGCS,20250101,20250131,0082
DGCS,20250201,20250228,0082
DGCS,20250301,20250331,0082
DGCS,20241130,20241231,0082
DGCS,20240701,20240831,0082
DGCS,20240901,20240930,0082
DGMIP,20200101,20291231,0463
DGMIP,20240401,20260131,0095
DGS,20220222,20240122,0293
DGS,20240123,20240315,0293
DGS,20240316,20240412,0293
DGS,20250401,20291231,0293
DGS,20240801,20240831,0293
DGS,20240901,20240903,0293
DGS,20240904,20241031,0293
DGS,20241101,20241202,0293
DGS,20241203,20250122,0293
DGS,20250123,20250331,0293
DGS,20240413,20240517,0293
DGS,20240518,20240731,0293
DGCS,20200601,20291231,0398
DGCS,20200101,20291231,0050
DGIS,20251201,20291231,0405
DGIS,20231001,20240331,0405
DGIS,20240401,20251130,0405
DGS,20200101,20291231,0478
DGCS,20230201,20240630,0476
DGCS,20260101,20291231,0476
DGCS,20240701,20240714,0476
DGS,20230601,20291231,0220
DGS,20201115,20291231,0423
DGIS,20250531,20291231,0030
DGIS,20220531,20250530,0030
DGCS,20211201,20291231,0078
DGCS,20240601,20291231,0086
DGCS,20210601,20240531,0086
DGIS,20260201,20291231,0283
DGIS,20230301,20240331,0283
DGMIP,20240401,20240731,0283
DGMIP,20241229,20241231,0283
DGMIP,20241201,20241228,0283
DGMIP,20260101,20260131,0283
DGMIP,20250101,20251231,0283
DGMIP,20240801,20241130,0283
DGCS,20200101,20291231,0122
DGS,20240115,20240831,0402
DGS,20250114,20291231,0402
DGS,20240901,20250113,0402
DGS,20200101,20240114,0402
DGS,20200101,20291231,0430
DGS,20230601,20240531,0267
DGS,20260501,20291231,0267
DGS,20240601,20260430,0267
DGMIP,20250201,20291231,0426
DGMIP,20240201,20250131,0426
DGCS,20231201,20291231,0228
DGIS,20230601,20240531,0371
DGIS,20250101,20291231,0371
DGIS,20240601,20241231,0371
DGIS,20240301,20240614,0215
DGIS,20240615,20291231,0215
DGIS,20230501,20291231,0264
DGS,20250901,20291231,0196
DGS,20230901,20250831,0196
DGS,20250316,20250630,0197
DGS,20250701,20250802,0197
DGS,20250803,20251231,0197
DGS,20260101,20291231,0197
DGS,20230701,20250315,0197
DGCS,20250201,20250731,0108
DGCS,20250801,20251231,0108
DGCS,20260101,20291231,0108
DGIS,20240215,20240728,0239
DGIS,20240729,20240809,0239
DGIS,20230812,20240214,0239
DGIS,20240810,20291231,0239
DGCS,20260201,20260330,0064
DGCS,20260331,20291231,0064
DGCS,20240801,20260131,0064
DGCS,20240416,20240530,0064
DGCS,20240210,20240308,0064
DGCS,20240309,20240415,0064
DGCS,20231214,20240209,0064
DGCS,20240531,20240731,0064
DGS,20230615,20291231,0318
DGCS,20240316,20250401,0212
DGCS,20230915,20240229,0212
DGCS,20240301,20240315,0212
DGCS,20250402,20251231,0212
DGCS,20260101,20291231,0212
DGIS,20230501,20240131,0153
DGMIP,20240201,20250414,0153
DGIS,20230601,20250430,0269
DGIS,20250501,20250531,0269
DGIS,20250601,20291231,0269
DGIS,20240701,20291231,0492
DGIS,20200101,20291231,0161
DGCS,20200101,20240929,0011
DGCS,20240930,20241126,0011
DGCS,20241127,20291231,0011
DGCS,20230706,20291231,0069
DGCS,20240901,20241231,0365
DGCS,20250701,20291231,0365
DGCS,20250101,20250630,0365
DGCS,20240101,20240831,0365
DGS,20230630,20291231,0285
DGIS,20240101,20260131,0165
DGIS,20260201,20291231,0165
DGMIP,20230901,20250831,0254
DGMIP,20250901,20291231,0254
DGCS,20220705,20240811,0041
DGCS,20240930,20241129,0041
DGCS,20250401,20250811,0041
DGCS,20240812,20240929,0041
DGCS,20241130,20250331,0041
DGCS,20250812,20291231,0041
DGS,20230901,20240430,0417
DGS,20240501,20260430,0417
DGS,20260501,20291231,0417
DGMIP,20231201,20251130,0459
DGMIP,20251201,20291231,0459
DGS,20230701,20291231,0325
DGS,20210901,20291231,0359
DGS,20230501,20291231,0410
DGS,20250701,20251231,0356
DGS,20260101,20260930,0356
DGS,20261001,20291231,0356
DGS,20240101,20250630,0356
DGMIP,20260201,20291231,0424
DGMIP,20200601,20240131,0424
DGMIP,20240201,20260131,0424
DGCS,20200101,20291231,0341
DGCS,20241001,20261014,0089
DGCS,20261015,20291231,0089
DGCS,20231101,20240930,0089
DGS,20240101,20240630,0226
DGS,20241001,20241230,0226
DGS,20240701,20240930,0226
DGS,20241231,20291231,0226
DGIS,20250101,20250630,0433
DGIS,20250701,20291231,0433
DGIS,20240101,20241231,0433
DGS,20240101,20291231,0288
DGIS,20260701,20291231,0451
DGIS,20230315,20240314,0451
DGIS,20240315,20260630,0451
DGIS,20250401,20250830,0245
DGIS,20231215,20240918,0245
DGIS,20250206,20250331,0245
DGIS,20250901,20291231,0245
DGIS,20240919,20250205,0245
DGIS,20250831,20250831,0245
DGCS,20240701,20241231,0136
DGCS,20240201,20240430,0136
DGCS,20250101,20250331,0136
DGCS,20250401,20250629,0136
DGCS,20250630,20291231,0136
DGCS,20240801,20241201,0090
DGCS,20261201,20291231,0090
DGCS,20231201,20240731,0090
DGCS,20241202,20261130,0090
DGCS,20200101,20250531,0117
DGMIP,20240703,20240821,0360
DGMIP,20240822,20241004,0360
DGMIP,20200101,20240702,0360
DGMIP,20241005,20241119,0360
DGMIP,20241120,20250119,0360
DGMIP,20250120,20250302,0360
DGMIP,20250303,20250512,0360
DGMIP,20250513,20250622,0360
DGMIP,20250623,20291231,0360
DGCS,20230601,20291231,0033
DGS,20230414,20240229,0295
DGS,20240301,20240331,0295
DGS,20240401,20240830,0295
DGS,20240831,20240901,0295
DGS,20240902,20240930,0295
DGS,20241001,20250416,0295
DGS,20250904,20250930,0295
DGS,20251001,20291231,0295
DGS,20250417,20250903,0295
DGCS,20230215,20251114,0141
DGIS,20230501,20240430,0237
DGMIP,20210115,20291231,0362
DGIS,20230116,20291231,0383
DGMIP,20240101,20240722,0088
DGMIP,20240723,20240802,0088
DGMIP,20260101,20291231,0088
DGMIP,20240803,20251231,0088
DGS,20230701,20250630,0427
DGS,20250701,20251231,0427
DGS,20260101,20291231,0427
DGMIP,20220115,20291231,0054
DGS,20230301,20240228,0298
DGS,20240229,20240430,0298
DGS,20250101,20250131,0298
DGS,20260101,20291231,0298
DGS,20250201,20251231,0298
DGS,20240501,20241231,0298
DGIS,20230301,20291231,0461
DGMIP,20251201,20291231,0439
DGMIP,20231001,20251130,0439
DGIS,20240415,20240930,0149
DGIS,20241001,20291231,0149
DGIS,20240101,20240330,0149
DGIS,20241001,20291231,0139
DGS,20231201,20240731,0148
DGS,20240801,20250314,0148
DGS,20250315,20291231,0148
DGMIP,20200101,20241130,0488
DGMIP,20241201,20291231,0488
DGCS,20221126,20291231,0003
DGCS,20220901,20291231,0173
DGS,20231205,20240129,0437
DGS,20240130,20240229,0437
DGS,20240301,20240415,0437
DGS,20240416,20291231,0437
DGCS,20241001,20250630,0066
DGCS,20240101,20240331,0066
DGCS,20250701,20291231,0066
DGCS,20240401,20240930,0066
DGS,20210715,20291231,0370
DGIS,20211101,20291231,0399
DGCS,20241101,20241231,0470
DGCS,20200101,20240428,0470
DGCS,20240429,20240705,0470
DGCS,20240706,20241031,0470
DGCS,20250101,20250112,0470
DGCS,20250401,20291231,0470
DGS,20230601,20240131,0097
DGS,20240301,20240331,0097
DGS,20240401,20240630,0097
DGS,20240701,20241231,0097
DGS,20250101,20261231,0097
DGS,20270101,20291231,0097
DGS,20240201,20240229,0097
DGCS,20240715,20291231,0189
DGCS,20210715,20240714,0189
DGS,20231101,20241231,0282
DGS,20250401,20291231,0282
DGS,20250101,20250331,0282
DGMIP,20240301,20260131,0373
DGIS,20231001,20291231,0385
DGCS,20240401,20241231,0449
DGCS,20231231,20240331,0449
DGCS,20250101,20291231,0449
DGCS,20230706,20291231,0113
DGCS,20200101,20240214,0296
DGCS,20270101,20291231,0296
DGCS,20240215,20261231,0296
DGMIP,20240401,20260131,0361
DGMIP,20230515,20240921,0257
DGMIP,20240922,20240930,0257
DGMIP,20260923,20291231,0257
DGMIP,20241001,20260922,0257
DGIS,20200101,20291231,0404
DGIS,20240828,20241001,0085
DGIS,20240115,20240130,0085
DGIS,20240131,20240305,0085
DGIS,20240306,20240409,0085
DGIS,20240503,20240611,0085
DGIS,20240717,20240827,0085
DGIS,20241002,20241105,0085
DGIS,20240612,20240716,0085
DGIS,20231225,20240114,0085
DGIS,20240410,20240502,0085
DGIS,20251001,20291231,0085
DGIS,20241106,20250930,0085
DGIS,20250401,20251231,0327
DGIS,20230801,20250331,0327
DGS,20230801,20240730,0213
DGCS,20240101,20240331,0062
DGCS,20240401,20240730,0062
DGCS,20250501,20251231,0062
DGCS,20260101,20291231,0062
DGMIP,20240615,20291231,0469
DGCS,20210715,20291231,0349
DGS,20230814,20240430,0350
DGS,20250101,20250429,0350
DGS,20250430,20291231,0350
DGS,20240501,20241231,0350
DGMIP,20240101,20240913,0166
DGMIP,20241001,20251231,0166
DGMIP,20260101,20291231,0166
DGMIP,20250415,20291231,0261
DGMIP,20240101,20250414,0261
DGMIP,20240301,20260131,0147
DGIS,20241101,20241113,0158
DGIS,20240413,20240531,0158
DGIS,20240601,20240831,0158
DGIS,20231115,20240214,0158
DGIS,20240215,20240412,0158
DGIS,20240901,20241031,0158
DGMIP,20250401,20260131,0158
DGMIP,20260201,20291231,0158
DGMIP,20250315,20250331,0158
DGMIP,20240901,20241231,0152
DGMIP,20250101,20250131,0152
DGCS,20200101,20291231,0021
DGCS,20210601,20291231,0118
DGS,20220801,20240731,0324
DGS,20240801,20250630,0324
DGS,20250701,20291231,0324
DGCS,20201116,20291231,0039
DGIS,20210801,20240731,0164
DGIS,20240801,20291231,0164
DGS,20241015,20250414,0309
DGS,20230201,20241014,0309
DGS,20250415,20291231,0309
DGIS,20231201,20240630,0184
DGIS,20240701,20260831,0184
DGIS,20260901,20291231,0184
DGMIP,20250101,20250331,0145
DGMIP,20241001,20241231,0145
DGMIP,20240901,20241020,0266
DGMIP,20240801,20240831,0266
DGMIP,20250101,20251231,0266
DGMIP,20260101,20291231,0266
DGMIP,20241021,20241231,0266
DGCS,20260101,20291231,0337
DGS,20250701,20251231,0337
DGS,20220601,20240531,0337
DGS,20240601,20250630,0337
DGIS,20231001,20291231,0231
DGIS,20231101,20240131,0058
DGIS,20240201,20260130,0058
DGIS,20260131,20291231,0058
DGMIP,20230701,20240930,0338
DGMIP,20241001,20241231,0338
DGMIP,20250101,20260630,0338
DGMIP,20260701,20291231,0338
DGIS,20200101,20291231,0407
DGIS,20231001,20291231,0357
DGCS,20240410,20241130,0012
DGCS,20241201,20271231,0012
DGCS,20280101,20291231,0012
DGS,20231101,20240314,0273
DGS,20240315,20291231,0273
DGMIP,20240101,20240131,0389
DGMIP,20250101,20250302,0389
DGMIP,20250426,20260131,0389
DGMIP,20260201,20291231,0389
DGMIP,20250303,20250425,0389
DGMIP,20240201,20241231,0389
DGIS,20231001,20240514,0336
DGIS,20240515,20240531,0336
DGIS,20240601,20291231,0336
DGS,20270201,20291231,0142
DGS,20230315,20240614,0142
DGCS,20240901,20241231,0026
DGCS,20250831,20291231,0026
DGCS,20250101,20250830,0026
DGS,20220312,20291231,0367
DGCS,20200101,20291231,0053
DGMIP,20230501,20250430,0316
DGMIP,20250501,20251231,0316
DGMIP,20260101,20291231,0316
DGCS,20240101,20241231,0292
DGCS,20250101,20251231,0292
DGIS,20230701,20250630,0172
DGCS,20240501,20270430,0094
DGCS,20270501,20291231,0094
DGCS,20210501,20240430,0094
DGCS,20210601,20291231,0055
DGIS,20230601,20291231,0018
DGIS,20241215,20291231,0321
DGIS,20231215,20241214,0321
DGS,20240101,20241231,0214
DGS,20250101,20251231,0214
DGS,20260101,20291231,0214
DGCS,20200101,20291231,0491
DGMIP,20231101,20240131,0387
DGMIP,20260201,20291231,0387
DGMIP,20240201,20240630,0387
DGMIP,20250701,20260131,0387
DGMIP,20250101,20250630,0387
DGMIP,20240701,20241231,0387
DGS,20220615,20291231,0133
DGMIP,20200401,20291231,0447
DGIS,20250401,20251231,0274
DGIS,20260101,20291231,0274
DGIS,20230901,20250331,0274
DGIS,20220515,20250514,0313
DGIS,20250515,20291231,0313
DGS,20240101,20240630,0223
DGS,20240701,20241230,0223
DGS,20241231,20250314,0223
DGS,20250315,20291231,0223
DGIS,20250401,20250630,0395
DGIS,20250701,20291231,0395
DGIS,20240401,20250331,0395
DGIS,20230901,20240331,0395
DGIS,20200101,20291231,0419
DGIS,20250101,20250629,0201
DGIS,20250630,20291231,0201
DGIS,20240701,20241231,0201
DGS,20231201,20291231,0178
DGIS,20221101,20291231,0351
DGCS,20240101,20241231,0126
DGCS,20260101,20291231,0126
DGCS,20250101,20251231,0126
DGIS,20220515,20291231,0354
DGS,20240301,20240731,0204
DGS,20250701,20251130,0204
DGS,20251201,20291231,0204
DGS,20240801,20241130,0204
DGS,20241201,20241231,0204
DGS,20250101,20250227,0204
DGIS,20250401,20291231,0234
DGIS,20231001,20250331,0234
DGMIP,20210219,20291231,0047
DGCS,20231015,20291231,0458
DGS,20240101,20240831,0479
DGS,20240901,20291231,0479
DGS,20241201,20250630,0052
DGS,20211201,20241130,0052
DGMIP,20230401,20260331,0093
DGMIP,20260401,20280331,0093
DGMIP,20280401,20291231,0093
DGMIP,20230201,20240229,0388
DGMIP,20240301,20250228,0388
DGMIP,20250301,20251231,0388
DGMIP,20260101,20291231,0388
DGS,20220116,20250114,0347
DGS,20250115,20250115,0347
DGS,20250116,20291231,0347
DGIS,20221101,20250313,0400
DGIS,20250314,20260313,0400
DGIS,20260314,20291231,0400
DGMIP,20240315,20240930,0331
DGMIP,20241001,20291231,0331
DGIS,20230901,20240726,0163
DGIS,20241214,20250209,0163
DGIS,20250210,20250930,0163
DGIS,20260210,20291231,0163
DGIS,20240727,20241213,0163
DGIS,20251001,20260209,0163
DGCS,20240601,20291231,0401
DGCS,20231201,20240531,0401
DGCS,20240721,20250501,0181
DGCS,20250502,20291231,0181
DGCS,20230401,20240501,0181
DGCS,20240502,20240720,0181
DGS,20231001,20240331,0289
DGS,20240601,20240731,0289
DGS,20240501,20240531,0289
DGS,20240801,20240930,0289
DGS,20241001,20241130,0289
DGS,20240401,20240430,0289
DGMIP,20240101,20240930,0244
DGMIP,20241001,20241231,0244
DGMIP,20250101,20251231,0244
DGMIP,20260101,20291231,0244
DGCS,20230715,20240914,0192
DGCS,20250501,20251231,0192
DGCS,20260101,20291231,0192
DGS,20200101,20291231,0452
DGS,20200101,20291231,0259
DGIS,20240101,20241231,0415
DGIS,20250101,20250630,0415
DGIS,20250701,20291231,0415
DGMIP,20240901,20260131,0255
DGIS,20250415,20250430,0211
DGIS,20250501,20260415,0211
DGIS,20260416,20291231,0211
DGIS,20231001,20240929,0211
DGCS,20240101,20240204,0044
DGCS,20240323,20241231,0044
DGCS,20270101,20291231,0044
DGCS,20240205,20240322,0044
DGCS,20250101,20261231,0044
DGIS,20231129,20240109,0369
DGIS,20240110,20291231,0369
DGS,20200401,20291231,0464
DGMIP,20250701,20291231,0412
DGMIP,20240101,20250630,0412
DGCS,20210601,20291231,0057
DGCS,20220715,20291231,0203
DGIS,20240101,20240814,0102
DGIS,20240815,20291231,0102
DGMIP,20240615,20250615,0200
DGMIP,20250616,20260131,0200
DGMIP,20260201,20291231,0200
DGS,20210601,20291231,0037
DGS,20201015,20291231,0381
DGS,20250701,20251031,0278
DGS,20251101,20251231,0278
DGS,20260101,20291231,0278
DGS,20230901,20250630,0278
DGCS,20231215,20240314,0015
DGCS,20250201,20250414,0015
DGCS,20250115,20250131,0015
DGCS,20240315,20240913,0015
DGCS,20250415,20250714,0015
DGCS,20250715,20291231,0015
DGCS,20240101,20240630,0063
DGCS,20240701,20240929,0063
DGCS,20240802,20241231,0060
DGCS,20240406,20240430,0060
DGCS,20231201,20240215,0060
DGCS,20240501,20240507,0060
DGCS,20240508,20240601,0060
DGCS,20240602,20240630,0060
DGCS,20250101,20250131,0060
DGCS,20240401,20240405,0060
DGCS,20240216,20240331,0060
DGCS,20240701,20240801,0060
DGCS,20240701,20241231,0170
DGCS,20250101,20251231,0170
DGCS,20240101,20240630,0170
DGMIP,20251201,20291231,0432
DGMIP,20231001,20251130,0432
DGS,20220701,20240630,0343
DGS,20250116,20250630,0343
DGS,20250701,20291231,0343
DGS,20240701,20241231,0343
DGS,20250101,20250115,0343
DGS,20240101,20291231,0040
DGCS,20241001,20250930,0070
DGCS,20251001,20291231,0070
DGCS,20240102,20240831,0070
DGCS,20240901,20240930,0070
DGIS,20220915,20291231,0304
DGIS,20260202,20291231,0019
DGIS,20250201,20260201,0019
DGIS,20240101,20240430,0019
DGIS,20240501,20240731,0019
DGCS,20231101,20291231,0111
DGIS,20200101,20291231,0468
DGCS,20200101,20291231,0306
DGCS,20210715,20291231,0467
DGCS,20220201,20291231,0375
DGCS,20230501,20241130,0207
DGCS,20250301,20250331,0207
DGCS,20250401,20250414,0207
DGCS,20250415,20291231,0207
DGCS,20241201,20250228,0207
DGS,20220601,20250531,0364
DGS,20250601,20291231,0364
DGIS,20250501,20251231,0291
DGIS,20240401,20240630,0291
DGIS,20240301,20240331,0291
DGIS,20250101,20250430,0291
DGIS,20231201,20240229,0291
DGIS,20240701,20241231,0291
DGIS,20260101,20291231,0291
DGCS,20240201,20291231,0481
DGCS,20200101,20240131,0481
DGCS,20231001,20241231,0190
DGCS,20250101,20250630,0190
DGCS,20250701,20251231,0190
DGCS,20260101,20291231,0190
DGMIP,20250415,20291231,0312
DGMIP,20200101,20250414,0312
DGS,20210301,20291231,0436
DGCS,20220501,20291231,0107
DGIS,20250226,20250310,0329
DGIS,20250311,20250430,0329
DGIS,20240311,20240429,0329
DGIS,20240430,20240719,0329
DGIS,20240720,20240901,0329
DGIS,20240902,20240930,0329
DGIS,20250108,20250225,0329
DGIS,20250501,20291231,0329
DGIS,20241001,20241108,0329
DGIS,20220801,20240310,0329
DGIS,20241109,20250107,0329
DGCS,20261219,20291231,0191
DGCS,20240914,20260331,0191
DGCS,20260401,20261218,0191
DGCS,20231116,20240803,0191
DGCS,20240804,20240913,0191
DGMIP,20250915,20291231,0348
DGMIP,20241001,20250914,0348
DGS,20200401,20250331,0440
DGS,20250401,20260228,0440
DGCS,20240915,20260314,0074
DGCS,20200101,20291231,0008
DGCS,20200101,20291231,0014
DGIS,20221101,20291231,0262
DGIS,20210515,20291231,0455
DGS,20240201,20241231,0230
DGS,20250101,20250131,0230
DGS,20250201,20250630,0230
DGMIP,20230601,20291231,0294
DGCS,20240801,20291231,0474
DGCS,20200101,20240731,0474
DGCS,20240801,20241231,0076
DGCS,20231202,20240223,0076
DGCS,20240409,20240630,0076
DGCS,20250101,20250107,0076
DGCS,20250405,20250531,0076
DGCS,20250108,20250228,0076
DGCS,20250301,20250315,0076
DGCS,20250316,20250404,0076
DGCS,20240224,20240408,0076
DGCS,20240701,20240731,0076
DGCS,20260101,20291231,0002
DGCS,20240101,20251231,0002
DGCS,20200101,20250731,0413
DGIS,20200501,20291231,0287
DGIS,20250701,20291231,0217
DGIS,20230101,20250630,0217
DGMIP,20240201,20240315,0382
DGMIP,20240316,20240402,0382
DGMIP,20230501,20240131,0382
DGMIP,20240601,20240610,0382
DGMIP,20240508,20240531,0382
DGMIP,20240403,20240507,0382
DGMIP,20240611,20240621,0382
DGMIP,20240622,20240831,0382
DGMIP,20250101,20250131,0382
DGMIP,20250201,20250331,0382
DGMIP,20250601,20250630,0382
DGMIP,20250401,20250531,0382
DGMIP,20250701,20251231,0382
DGMIP,20260101,20291231,0382
DGMIP,20240901,20241231,0382
DGCS,20200101,20291231,0119
DGMIP,20200101,20291231,0460
DGIS,20250306,20250929,0260
DGIS,20240930,20241026,0260
DGIS,20241125,20250305,0260
DGIS,20250930,20291231,0260
DGIS,20221201,20240929,0260
DGIS,20241027,20241124,0260
DGS,20230401,20291231,0031
DGCS,20210715,20291231,0414
DGIS,20250101,20250930,0183
DGIS,20231001,20241231,0183
DGIS,20240401,20240620,0193
DGIS,20240621,20241107,0193
DGIS,20250402,20250630,0193
DGIS,20250701,20251231,0193
DGIS,20260101,20291231,0193
DGIS,20230201,20240130,0193
DGIS,20241108,20250401,0193
DGMIP,20260101,20291231,0143
DGMIP,20250101,20251231,0143
DGMIP,20231211,20241231,0143
DGCS,20230617,20291231,0311
DGMIP,20210218,20291231,0036
DGS,20230501,20291231,0087
DGCS,20240615,20291231,0073
DGCS,20220515,20240614,0073
DGS,20200101,20250228,0454
DGMIP,20220201,20240131,0429
DGMIP,20240501,20240914,0429
DGMIP,20240915,20260131,0429
DGMIP,20240201,20240430,0429
DGMIP,20260201,20291231,0429
DGS,20240201,20291231,0489
DGS,20230301,20240229,0471
DGS,20240301,20251231,0471
DGS,20260101,20291231,0471
DGCS,20210731,20291231,0004
DGS,20220215,20291231,0281
DGIS,20230101,20291231,0248
DGMIP,20200901,20291231,0229
DGCS,20200101,20240131,0109
DGCS,20240801,20291231,0109
DGCS,20240201,20240731,0109
DGCS,20230201,20241231,0100
DGCS,20290101,20291231,0100
DGCS,20250101,20281231,0100
DGIS,20250731,20291231,0024
DGIS,20240101,20240731,0024
DGIS,20240415,20240530,0202
DGIS,20240531,20240830,0202
DGIS,20250101,20250111,0202
DGIS,20240113,20240414,0202
DGIS,20240831,20241231,0202
DGS,20240215,20240814,0154
DGS,20250215,20250228,0154
DGS,20250301,20251231,0154
DGS,20260101,20291231,0154
DGS,20240815,20241114,0154
DGIS,20241115,20250214,0199
DGIS,20250215,20250731,0199
DGIS,20250801,20291231,0199
DGMIP,20250101,20250131,0374
DGMIP,20250201,20291231,0374
DGMIP,20241001,20241231,0374
DGMIP,20201015,20291231,0428
DGCS,20200101,20291231,0032
DGS,20231101,20240531,0209
DGS,20240601,20241031,0209
DGS,20241101,20241130,0209
DGIS,20250801,20291231,0286
DGIS,20250201,20250430,0286
DGIS,20250501,20250731,0286
DGIS,20240401,20250131,0286
DGIS,20230417,20240331,0286
DGS,20200101,20291231,0198
DGCS,20221101,20250518,0132
DGCS,20251006,20291231,0132
DGCS,20250519,20251005,0132
DGMIP,20240615,20291231,0475
DGCS,20230706,20241117,0096
DGCS,20250415,20291231,0096
DGCS,20250101,20250331,0096
DGCS,20250401,20250414,0096
DGCS,20241118,20241231,0096
DGMIP,20240901,20240930,0171
DGMIP,20241001,20241231,0171
DGMIP,20250101,20250131,0171
DGMIP,20250201,20250430,0171
DGMIP,20250501,20250830,0171
DGMIP,20250831,20291231,0171
DGMIP,20231201,20251130,0442
DGIS,20240601,20291231,0320
DGIS,20231016,20240531,0320
DGMIP,20260201,20291231,0160
DGMIP,20230101,20250131,0160
DGMIP,20250201,20251231,0160
DGMIP,20260101,20260131,0160
DGS,20240101,20291231,0480
DGMIP,20240801,20241113,0051
DGIS,20200101,20291231,0425
DGCS,20260101,20291231,0185
DGCS,20240515,20250514,0185
DGCS,20230630,20240514,0185
DGCS,20250515,20251231,0185
DGS,20260101,20291231,0218
DGS,20241201,20251231,0218
DGMIP,20240101,20240430,0177
DGMIP,20240501,20291231,0177
DGMIP,20240301,20260131,0232
DGMIP,20260201,20291231,0232
DGIS,20250101,20250629,0194
DGIS,20240701,20241231,0194
DGIS,20250630,20291231,0194
DGIS,20250101,20250930,0299
DGIS,20251001,20291231,0299
DGIS,20241001,20241231,0299
DGCS,20240315,20240731,0333
DGCS,20240801,20241231,0333
DGCS,20250101,20251231,0333
DGCS,20230801,20240129,0067
DGCS,20240802,20250930,0067
DGCS,20251001,20291231,0067
DGCS,20240416,20240513,0067
DGCS,20240514,20240617,0067
DGCS,20240130,20240415,0067
DGCS,20240618,20240801,0067
DGCS,20220601,20250331,0016
DGCS,20260615,20291231,0016
DGCS,20230115,20240115,0169
DGCS,20240715,20241231,0169
DGCS,20260101,20291231,0169
DGCS,20240116,20240714,0169
DGCS,20250101,20251231,0169
DGCS,20240901,20250131,0048
DGCS,20260101,20291231,0048
DGCS,20250201,20251231,0048
DGS,20200101,20241231,0484
DGS,20250101,20250630,0484
DGS,20250701,20291231,0484
DGS,20240101,20241231,0028
DGS,20250101,20260331,0028
DGCS,20231201,20240531,0114
DGIS,20240101,20291231,0277
DGMIP,20240823,20240930,0290
DGMIP,20230823,20240822,0290
DGMIP,20241001,20260822,0290
DGMIP,20260823,20291231,0290
DGIS,20230601,20291231,0236
DGCS,20240601,20291231,0188
DGCS,20231101,20240331,0188
DGCS,20240401,20240531,0188
DGIS,20221101,20291231,0238
DGS,20230415,20240415,0206
DGCS,20230706,20240930,0079
DGCS,20241001,20241231,0079
DGCS,20250101,20250331,0079
DGCS,20250401,20291231,0079
DGS,20200401,20291231,0422
DGCS,20240101,20291231,0001
DGCS,20200101,20240430,0045
DGS,20240401,20240430,0363
DGS,20240501,20240611,0363
DGS,20240101,20240229,0363
DGS,20240301,20240331,0363
DGS,20240612,20240726,0363
DGS,20260201,20291231,0363
DGIS,20240201,20240403,0129
DGIS,20240404,20240531,0129
DGIS,20250404,20260407,0129
DGIS,20260408,20291231,0129
DGIS,20240601,20250403,0129
DGIS,20231001,20240131,0129
DGMIP,20210901,20291231,0435
DGS,20250701,20251231,0396
DGS,20260101,20291231,0396
DGS,20230915,20250630,0396
DGIS,20240101,20240804,0253
DGIS,20240805,20240816,0253
DGIS,20250101,20250803,0253
DGIS,20250816,20251231,0253
DGIS,20250804,20250815,0253
DGIS,20240817,20241231,0253
DGIS,20260101,20291231,0253
DGIS,20220501,20291231,0391
DGCS,20250915,20291231,0144
DGCS,20240724,20250914,0144
DGCS,20240412,20240414,0144
DGCS,20240415,20240606,0144
DGCS,20231220,20240110,0144
DGCS,20240111,20240207,0144
DGCS,20240208,20240307,0144
DGCS,20240308,20240411,0144
DGCS,20240607,20240614,0144
DGCS,20240615,20240723,0144
DGMIP,20240101,20241231,0302
DGCS,20210715,20291231,0251
DGIS,20220701,20240630,0276
DGIS,20250701,20260131,0276
DGIS,20260201,20291231,0276
DGIS,20240701,20250630,0276
DGMIP,20240101,20261231,0121
DGMIP,20270101,20280331,0121
DGMIP,20280401,20291231,0121
DGCS,20241001,20241206,0138
DGCS,20251217,20291231,0138
DGCS,20230416,20240331,0138
DGCS,20240401,20240609,0138
DGCS,20240610,20240729,0138
DGCS,20240730,20240808,0138
DGCS,20240809,20240930,0138
DGCS,20241207,20250425,0138
DGCS,20250426,20251216,0138
DGCS,20220501,20291231,0466
DGIS,20231001,20291231,0246
DGS,20230901,20240930,0151
DGS,20241001,20241231,0151
DGS,20250101,20251231,0151
DGS,20260101,20291231,0151
